Method,AUC-ROC,AUC-PR,F1-macro,Recall-macro
DCN,0.4962934633500428,0.008626613445234327,0.49415176107977077,0.514648893751401
