{
  "dataset": "usfsd",
  "subset": 2,
  "method": "CURE+MLP",
  "auc_roc": 0.35311867384744666,
  "auc_pr": 0.005736708821344159,
  "f1_macro": 0.49803082191780823,
  "recall_macro": 0.4999140598143692
}