{
  "dataset": "usfsd",
  "subset": 3,
  "method": "CURE+XGBoost",
  "auc_roc": 0.7698826563507415,
  "auc_pr": 0.0957461613145079,
  "f1_macro": 0.4985996775014852,
  "recall_macro": 0.5
}