{
  "dataset": "usfsd",
  "subset": 0,
  "method": "CURE+XGBoost",
  "auc_roc": 0.6865500774646507,
  "auc_pr": 0.22219416099556646,
  "f1_macro": 0.497099133944337,
  "recall_macro": 0.5
}