{
  "dataset": "usfsd",
  "subset": 2,
  "method": "DHE+MLP",
  "auc_roc": 0.6049577938199457,
  "auc_pr": 0.022866578471039522,
  "f1_macro": 0.5188638180053662,
  "recall_macro": 0.5109392307398495
}