{
  "dataset": "usfsd",
  "subset": 5,
  "method": "DHE+MLP",
  "auc_roc": 0.5062518934699386,
  "auc_pr": 0.009770138780609871,
  "f1_macro": 0.4978525411596278,
  "recall_macro": 0.49803079126387395
}