{
  "dataset": "usfsd",
  "subset": 3,
  "method": "DHE+MLP",
  "auc_roc": 0.5306666666666666,
  "auc_pr": 0.016207219313327123,
  "f1_macro": 0.4984294082689532,
  "recall_macro": 0.4996595744680851
}