{
  "dataset": "usfsd",
  "subset": 0,
  "method": "Distance+MLP",
  "auc_roc": 0.3710801906218745,
  "auc_pr": 0.014759361342216684,
  "f1_macro": 0.50983177529244,
  "recall_macro": 0.5066543605734345
}