{
  "dataset": "usfsd",
  "subset": 3,
  "method": "GCE+MLP",
  "auc_roc": 0.48483558994197296,
  "auc_pr": 0.009486987150741349,
  "f1_macro": 0.49838682289013414,
  "recall_macro": 0.49957446808510636
}