{
  "dataset": "usfsd",
  "subset": 1,
  "method": "GCE+MLP",
  "auc_roc": 0.35808138306612525,
  "auc_pr": 0.007518193275192186,
  "f1_macro": 0.49750190532644595,
  "recall_macro": 0.4999149081007488
}