{
  "dataset": "usfsd",
  "subset": 2,
  "method": "GCE+MLP",
  "auc_roc": 0.3997097131507582,
  "auc_pr": 0.006101650587571459,
  "f1_macro": 0.4979448535708169,
  "recall_macro": 0.4997421794431076
}