{
  "dataset": "usfsd",
  "subset": 4,
  "method": "GCE+MLP",
  "auc_roc": 0.5815119333104944,
  "auc_pr": 0.006829968536571633,
  "f1_macro": 0.49854725687916596,
  "recall_macro": 0.499657416923604
}