{
  "dataset": "usfsd",
  "subset": 5,
  "method": "GCE+MLP",
  "auc_roc": 0.5006747638326585,
  "auc_pr": 0.008694753599244499,
  "f1_macro": 0.49771771234225365,
  "recall_macro": 0.4977622627998568
}