{
  "dataset": "usfsd",
  "subset": 2,
  "method": "TabNet",
  "auc_roc": 0.6586226652916237,
  "auc_pr": 0.012957443632336038,
  "f1_macro": 0.49691093186888624,
  "recall_macro": 0.49767961498796837
}