{
  "dataset": "usfsd",
  "subset": 3,
  "method": "DCN",
  "auc_roc": 0.4082269503546099,
  "auc_pr": 0.00496760661303195,
  "f1_macro": 0.47854491750969674,
  "recall_macro": 0.47302385557704707
}