{
  "dataset": "usfsd",
  "subset": 1,
  "method": "DCN",
  "auc_roc": 0.5355214666322387,
  "auc_pr": 0.014198469515252261,
  "f1_macro": 0.4756517251681711,
  "recall_macro": 0.6011331893617521
}