{
  "dataset": "usfsd",
  "subset": 2,
  "method": "DCN",
  "auc_roc": 0.5159485886711738,
  "auc_pr": 0.008519314470533983,
  "f1_macro": 0.5116692515365616,
  "recall_macro": 0.5159485886711738
}