{
  "dataset": "usfsd",
  "subset": 0,
  "method": "DCN",
  "auc_roc": 0.5038634268792532,
  "auc_pr": 0.011722818027086954,
  "f1_macro": 0.5045347160433221,
  "recall_macro": 0.5038634268792532
}