{
  "dataset": "usfsd",
  "subset": 1,
  "method": "TabNet",
  "auc_roc": 0.6789996126851483,
  "auc_pr": 0.016334469570177985,
  "f1_macro": 0.4969481180061038,
  "recall_macro": 0.49880871341048333
}