{
  "dataset": "usfsd",
  "subset": 4,
  "method": "DCN",
  "auc_roc": 0.5182282745232386,
  "auc_pr": 0.007718542608579921,
  "f1_macro": 0.4976027397260274,
  "recall_macro": 0.49777321000342584
}