{
  "dataset": "usfsd",
  "subset": 0,
  "method": "TabNet",
  "auc_roc": 0.7063795571767566,
  "auc_pr": 0.027624460115386183,
  "f1_macro": 0.49680296146727243,
  "recall_macro": 0.4994079837618403
}