{
  "dataset": "usfsd",
  "subset": 4,
  "method": "CatBoost",
  "auc_roc": 1.0,
  "auc_pr": 1.0,
  "f1_macro": 0.9917604521360621,
  "recall_macro": 0.999914354230901
}