{
  "dataset": "usfsd",
  "subset": 5,
  "method": "DCN",
  "auc_roc": 0.4959720730397422,
  "auc_pr": 0.004632929436920884,
  "f1_macro": 0.49690721649484537,
  "recall_macro": 0.4961510920157537
}